Musteri_ID,Yas,Gelir,Risk_Skoru,Kredi_Amaci,Final_Skor,Karar
1,25,50000,0.2,1,-3.0,RED
2,40,60000,0.4,3,-8.7,RED
3,80,1000000,0.1,3,2.9000000000000004,ONAY
4,30,80000,0.5,2,-5.8,RED
5,55,120000,0.3,1,-3.9000000000000004,RED
6,22,30000,0.9,2,-10.139999999999999,RED
